#,"Dataset title","Domain Name / link
(if highlighted in red, it's a duplicate! So don't add it...)","License
(default is UNKNOWN)","Release (Issue date) ",Glottocode,"Language(s) (or family)","Dialect/accent (if known)",Subject,Format,"Collection Style (Manual Curation vs Crowdsourced(web)) ?","What it is / why we want it (5-25 words)","Volume (estimates)","Contains Personal Information? (-1=unlikely, 0=neutral, 1=likely)",Owner,"Usage and relation to other datasets "
12,"Fundacion Cajasol",https://fundacioncajasol.com/,unknown,"multiple releases",stan1288,es,Spain,"General News","text (web)",manual,,unknown,unknown,"Fundacion Cajasol",
13,"Asamblea Nacional del Ecuador",http://www.confirmado.net/,unknown,"multiple releases",,es,Ecuador,"General News","text (web)",manual,,unknown,unknown,"Asamblea Nacional del Ecuador",
14,"el periodico de Tlaxcala",https://elperiodicodetlaxcala.com/,unknown,"multiple releases",,es,Mexico,"General News","text (web)",manual,,unknown,unknown,"el periodico de Tlaxcala",
15,mispeces,https://www.mispeces.com/,unknown,"multiple releases",,es,Spain,"General News","text (web)",manual,,unknown,unknown,mispeces,
16,DiarioVasco,https://www.diariovasco.com/,unknown,"multiple releases",,es,Spain,"General News","text (web)",manual,,unknown,unknown,DiarioVasco,
17,pambianconews,https://www.pambianconews.com/,unknown,"multiple releases",,es,Argentina,"General News","text (web)",manual,,unknown,unknown,pambianconews,
18,"Diario El Venezolano",http://elvenezolanonews.com/,unknown,"multiple releases",,es,Spain,"General News","text (web)",manual,,unknown,unknown,"Diario El Venezolano",
19,"Diario de Ibiza",https://www.diariodeibiza.es/,unknown,"multiple releases",,es,Spain,"General News","text (web)",manual,,unknown,unknown,"Diario de Ibiza",
20,"Clarín - Argentina",http://www.clarin.com/,unknown,"multiple releases",,es,Argentina,"General News","text (web)",manual,,unknown,unknown,"Clarín - Argentina",
21,"El Periódico de Aragón. Noticias de Aragón, Zaragoza, Huesca y Teruel.",https://www.elperiodicodearagon.com/,unknown,"multiple releases",,es,Spain,"General News","text (web)",manual,,unknown,unknown,"El Periódico de Aragón. Noticias de Aragón, Zaragoza, Huesca y Teruel.",
22,"club influencers",https://www.clubinfluencers.com/,unknown,"multiple releases",,es,Spain,"General News","text (web)",manual,,unknown,unknown,"club influencers",
23,"elc onfidencial digital",https://www.elconfidencialdigital.com/,unknown,"multiple releases",,es,Spain,"General News","text (web)",manual,,unknown,unknown,"elc onfidencial digital",
24,tiempo,http://www.tiempo.com.mx/,unknown,"multiple releases",,es,mexico,"general news","text (web)",manual,,unknown,unknown,tiempo,
25,"kitco mining news",https://www.kitco.com/mining/,unknown,"multiple releases",,es,venezuela,"general news","text (web)",manual,,unknown,unknown,"kitco mining news",
26,"portada de la web del ministerio de cultura y deporte",http://www.culturaydeporte.gob.es/portada.html,unknown,"multiple releases",,es,spain,"general news","text (web)",manual,,unknown,unknown,"portada de la web del ministerio de cultura y deporte",
27,"gestores de residuos",https://gestoresderesiduos.org/,unknown,"multiple releases",,es,spain,"general news","text (web)",manual,,unknown,unknown,"gestores de residuos",
28,fayerwayer,http://www.fayerwayer.com/,unknown,"multiple releases",,es,usa,"general news","text (web)",manual,,unknown,unknown,fayerwayer,
29,agricultura,http://www.revistaagricultura.com/portada,unknown,"multiple releases",,es,spain,agriculture,"text (web)",manual,,unknown,unknown,agricultura,
30,radiocable,http://www.radiocable.com/,unknown,"multiple releases",,es,spain,"general news","text (web)",manual,,unknown,unknown,radiocable,
31,"la jornada",http://www.lajornadanet.com/,unknown,"multiple releases",,es,nicaragua,"general news","text (web)",manual,,unknown,unknown,"la jornada",
32,"periódico el expresso de puerto rico",http://www.elexpresso.com/,unknown,"multiple releases",,es,"porto rico","general news","text (web)",manual,,unknown,unknown,"periódico el expresso de puerto rico",
33,pld,https://prd.org.do/,unknown,"multiple releases",,es,"domenican republic","general news","text (web)",manual,,unknown,unknown,pld,
34,"los andes",https://www.losandes.com.ar/,unknown,"multiple releases",,es,argentina,"general news","text (web)",manual,,unknown,unknown,"los andes",
35,tiempo,https://www.tiempo.com/,unknown,"multiple releases",,es,spain,"general news","text (web)",manual,,unknown,unknown,tiempo,
36,"el morrocotudo",http://www.elmorrocotudo.cl/,unknown,"multiple releases",,es,cl,"general news","text (web)",manual,,unknown,unknown,"el morrocotudo",
37,"tv perú canal 7",http://www.tvperu.gob.pe/informa,unknown,"multiple releases",,es,peru,"general news","text (web)",manual,,unknown,unknown,"tv perú canal 7",
38,energia-imdea,https://www.energia.imdea.org/,unknown,"multiple releases",,es,spain,"general news","text (web)",manual,,unknown,unknown,energia-imdea,
39,urgente24,https://www.urgente24.com/,unknown,"multiple releases",,es,argentina,"general news","text (web)",manual,,unknown,unknown,urgente24,
40,"corte electoral",https://www.corteelectoral.gub.uy/,unknown,"multiple releases",,es,uruguay,"general news","text (web)",manual,,unknown,unknown,"corte electoral",
41,"observatorio de la política china",https://politica-china.org,unknown,"multiple releases",,es,spain,"general news","text (web)",manual,,unknown,unknown,"1, According to the “Provisions of the Supreme People's Court on the People's Court's Publication of Judgment Documents online” (最高人民法院关于人民法院在互联网公布裁判文书的规定), the online publication of judgment documents should be based on the principle of openness, with non-publicity as an exception. Judicial documents involving national security, juvenile delinquency, divorce proceedings, support or guardianship of minor children, etc., shall not be made public. In
public judgment documents, information concerning personal privacy,
trade secrets, etc., other than the names of the parties, shall also be
deleted from the document.",
42,"icefi - instituto centroamericano de estudios fiscales",http://icefi.org/,unknown,"multiple releases",,es,gt,"general news","text (web)",manual,,unknown,unknown,"icefi - instituto centroamericano de estudios fiscales",
43,"baja california sur - gobierno del estado",http://www.bcs.gob.mx/,unknown,"multiple releases",,es,mexico,"general news","text (web)",manual,,unknown,unknown,"baja california sur - gobierno del estado",
44,ladiaria,https://ladiaria.com.uy/,unknown,"multiple releases",,es,uruguay,"general news","text (web)",manual,,unknown,unknown,ladiaria,
45,cepal,http://www.lacuarta.com/,unknown,"multiple releases",,es,cl,"general news","text (web)",manual,,unknown,unknown,cepal,
46,"uno santafe",https://www.unosantafe.com.ar/,unknown,"multiple releases",,es,argentina,"general news","text (web)",manual,,unknown,unknown,"uno santafe",
47,"banco central del ecuador",http://www.bce.fin.ec/,unknown,"multiple releases",,es,ecuador,"general news","text (web)",manual,,unknown,unknown,"banco central del ecuador",
48,"banco central de bolivia",http://www.bcb.gob.bo/,unknown,"multiple releases",,es,bolivia,"general news","text (web)",manual,,unknown,unknown,"banco central de bolivia",
49,"diario de toluca, estado de méxico",http://diarioportal.com,unknown,"multiple releases",,es,mexico,"general news","text (web)",manual,,unknown,unknown,"diario de toluca, estado de méxico",
50,gva-es,https://www.gva.es/va/inicio/presentacion,unknown,"multiple releases",,es,spain,"general news","text (web)",manual,,unknown,unknown,gva-es,
51,noroeste,https://www.noroeste.com.mx/,unknown,"multiple releases",,es,mexico,"general news","text (web)",manual,,unknown,unknown,noroeste,
52,"el mundo de cordoba",http://www.elmundodecordoba.com/,unknown,"multiple releases",,es,argentina,"general news","text (web)",manual,,unknown,unknown,"el mundo de cordoba",
53,"diario expreso de guayaquil",https://www.expreso.ec/,unknown,"multiple releases",,es,ecuador,"general news","text (web)",manual,,unknown,unknown,"diario expreso de guayaquil",
54,sonora,http://www.sonora.com.gt/,unknown,"multiple releases",,es,gt,"general news","text (web)",manual,,unknown,unknown,sonora,
55,"libertad digital",http://www.libertaddigital.es,unknown,"multiple releases",,es,spain,"general news","text (web)",manual,,unknown,unknown,"libertad digital",
56,"el universo",https://www.eluniverso.com/,unknown,"multiple releases",,es,ecuador,"general news","text (web)",manual,,unknown,unknown,"el universo",
57,"prensa presidencial",http://www.minci.gob.ve,unknown,"multiple releases",,es,venezuela,"general news","text (web)",manual,,unknown,unknown,"prensa presidencial",
58,levante-emv,https://www.levante-emv.com/,unknown,"multiple releases",,es,spain,"general news","text (web)",manual,,unknown,unknown,levante-emv,
59,minam,http://www.minam.gob.pe/,unknown,"multiple releases",,es,peru,"general news","text (web)",manual,,unknown,unknown,minam,
60,economia3,https://economia3.com/,unknown,"multiple releases",,es,spain,"general news","text (web)",manual,,unknown,unknown,economia3,
61,"la nacion - chile",http://lanacion.cl/,unknown,"multiple releases",,es,cl,"general news","text (web)",manual,,unknown,unknown,"la nacion - chile",
62,"la pagina",https://www.lapagina.com.sv/,unknown,"multiple releases",,es,"el salvador","general news","text (web)",manual,,unknown,unknown,"la pagina",
63,"la nacion (argentina)",http://www.lanacion.com.ar/,unknown,"multiple releases",,es,argentina,"general news","text (web)",manual,,unknown,unknown,"la nacion (argentina)",
64,cosave,http://www.cosave.org/pagina/bienvenidos-al-comite-de-sanidad-vegetal-cosave,unknown,"multiple releases",,es,cl,"general news","text (web)",manual,,unknown,unknown,cosave,
65,"el nuevo herald",https://www.elnuevoherald.com/,unknown,"multiple releases",,es,usa,"general news","text (web)",manual,,unknown,unknown,"el nuevo herald",
66,"diario el expreso",https://www.diarioelexpreso.com.ve/,unknown,"multiple releases",,es,venezuela,"general news","text (web)",manual,,unknown,unknown,"diario el expreso",
67,"elpais - costa rica",http://www.elpais.cr,unknown,"multiple releases",,es,cr,"general news","text (web)",manual,,unknown,unknown,"elpais - costa rica",
68,"ciemat - centro de investigaciones energéticas, medioambientales y tecnológicas",http://www.ciemat.es/,unknown,"multiple releases",,es,spain,"general news","text (web)",manual,,unknown,unknown,"ciemat - centro de investigaciones energéticas, medioambientales y tecnológicas",
69,"el orbe",https://elorbe.com/,unknown,"multiple releases",,es,mexico,"general news","text (web)",manual,,unknown,unknown,"el orbe",
70,"cuba encuentro",http://www.cubaencuentro.com/,unknown,"multiple releases",,es,cuba,"general news","text (web)",manual,,unknown,unknown,"cuba encuentro",
71,"radio televisión española",http://www.rtve.es/,unknown,"multiple releases",,es,spain,"general news","text (web)",manual,,unknown,unknown,"radio televisión española",
72,"elcano royal insitute (real istituto elcano)",http://www.realinstitutoelcano.org/wps/portal/rielcano_es,unknown,"multiple releases",,es,spain,"general news","text (web)",manual,,unknown,unknown,"elcano royal insitute (real istituto elcano)",
73,"notihua tul copuerto escondido",https://notihuatulcopuertoescondido.com/,unknown,"multiple releases",,es,mexico,"general news","text (web)",manual,,unknown,unknown,"notihua tul copuerto escondido",
74,"rpc tv",http://www.rpctv.com/,unknown,"multiple releases",,es,panama,"general news","text (web)",manual,,unknown,unknown,"rpc tv",
75,"ministerio de educación",https://educacion.gob.ec/,unknown,"multiple releases",,es,ecuador,"general news","text (web)",manual,,unknown,unknown,"ministerio de educación",
76,repretel,https://www.repretel.com/,unknown,"multiple releases",,es,cr,"general news","text (web)",manual,,unknown,unknown,repretel,
77,elmon,https://elmon.cat/monplaneta/,unknown,"multiple releases",,es,spain,"general news","text (web)",manual,,unknown,unknown,elmon,
78,"listín diario digital",http://www.listindiario.com/,unknown,"multiple releases",,es,"domenican republic","general news","text (web)",manual,,unknown,unknown,"listín diario digital",
79,"la opinión de murcia",http://www.laopiniondemurcia.es/,unknown,"multiple releases",,es,spain,"general news","text (web)",manual,,unknown,unknown,"la opinión de murcia",
80,lawyerpress,http://lawyerpress.com/,unknown,"multiple releases",,es,spain,"general news","text (web)",manual,,unknown,unknown,lawyerpress,
81,"diario el cordillerano",http://www.elcordillerano.com.ar/,unknown,"multiple releases",,es,argentina,"general news","text (web)",manual,,unknown,unknown,"diario el cordillerano",
82,"pro y contra",http://proycontra.com.pe/,unknown,"multiple releases",,es,peru,"general news","text (web)",manual,,unknown,unknown,"pro y contra",
83,"vietnamplus (spanish)",http://es.vietnamplus.vn/,unknown,"multiple releases",,es,vietnam,"general news","text (web)",manual,,unknown,unknown,"vietnamplus (spanish)",
84,"centro de documentacion e informacion bolivia",https://cedib.org,unknown,"multiple releases",,es,bolivia,"general news","text (web)",manual,,unknown,unknown,"centro de documentacion e informacion bolivia",
85,"sarriguren web",https://sarrigurenweb.com/,unknown,"multiple releases",,es,spain,"general news","text (web)",manual,,unknown,unknown,"sarriguren web",
86,motorpasion,https://www.motorpasion.com/,unknown,"multiple releases",,es,spain,"general news","text (web)",manual,,unknown,unknown,motorpasion,
87,"noticias de la ciencia",https://noticiasdelaciencia.com/,unknown,"multiple releases",,es,spain,science,"text (web)",manual,,unknown,unknown,"noticias de la ciencia",
88,"aplatanaonews - todo está en el contenido!",https://aplatanaonews.com/,unknown,"multiple releases",,es,"domenican republic","general news","text (web)",manual,,unknown,unknown,"aplatanaonews - todo está en el contenido!",
89,"subrayado hd",http://www.subrayado.com.uy/site/home.aspx,unknown,"multiple releases",,es,uruguay,"general news","text (web)",manual,,unknown,unknown,"subrayado hd",
90,peru',http://peru.com/,unknown,"multiple releases",,es,peru,"general news","text (web)",manual,,unknown,unknown,peru',
91,diario26,http://www.diario26.com/general.html,unknown,"multiple releases",,es,argentina,"general news","text (web)",manual,,unknown,unknown,diario26,
92,"diario de navarra",http://www.diariodenavarra.es/,unknown,"multiple releases",,es,spain,"general news","text (web)",manual,,unknown,unknown,"diario de navarra",
93,"canal antigua",https://canalantigua.tv/,unknown,"multiple releases",,es,gt,"general news","text (web)",manual,,unknown,unknown,"canal antigua",
94,"real instituto elcano",http://www.realinstitutoelcano.org/wps/portal/rielcano_es,unknown,"multiple releases",,es,spain,"general news","text (web)",manual,,unknown,unknown,"real instituto elcano",
95,"el mañana - tamaulipas",http://www.elmanana.com/,unknown,"multiple releases",,es,mexico,"general news","text (web)",manual,,unknown,unknown,"el mañana - tamaulipas",
96,"abc digital - paraguay",http://www.abc.com.py/,unknown,"multiple releases",,es,paraguay,"general news","text (web)",manual,,unknown,unknown,"abc digital - paraguay",
97,ielektro,https://ielektro.es/,unknown,"multiple releases",,es,spain,"general news","text (web)",manual,,unknown,unknown,ielektro,
98,"vtv uruguay",http://www.vtv.com.uy/,unknown,"multiple releases",,es,uruguay,"general news","text (web)",manual,,unknown,unknown,"vtv uruguay",
99,"periódico correo",http://www.periodicocorreo.com.mx/,unknown,"multiple releases",,es,mexico,"general news","text (web)",manual,,unknown,unknown,"periódico correo",
100,aporrea,http://www.aporrea.org/,unknown,"multiple releases",,es,venezuela,"general news","text (web)",manual,,unknown,unknown,aporrea,
101,ahora,http://www.ahora.cu/,unknown,"multiple releases",,es,cuba,"general news","text (web)",manual,,unknown,unknown,ahora,
102,"el ojo digital",http://www.elojodigital.com/,unknown,"multiple releases",,es,argentina,"general news","text (web)",manual,,unknown,unknown,"el ojo digital",
103,"el mostrador",http://www.elmostrador.cl/,unknown,"multiple releases",,es,cl,"general news","text (web)",manual,,unknown,unknown,"el mostrador",
104,"food and agriculture organization of the united nations (spanish)",http://www.fao.org/home/es/,unknown,"multiple releases",,es,italy,"general news","text (web)",manual,,unknown,unknown,"food and agriculture organization of the united nations (spanish)",
105,"arpa emc -  spanish",https://arpaemc.com/noticias/,unknown,"multiple releases",,es,spain,"general news","text (web)",manual,,unknown,unknown,"arpa emc -  spanish",
106,maldita,https://maldita.es/,unknown,"multiple releases",,es,spain,"general news","text (web)",manual,,unknown,unknown,maldita,
107,"puerto canarias",https://puertocanarias.com/index.php/es,unknown,"multiple releases",,es,spain,"general news","text (web)",manual,,unknown,unknown,"puerto canarias",
108,planv,https://www.planv.com.ec/,unknown,"multiple releases",,es,ecuador,"general news","text (web)",manual,,unknown,unknown,planv,
109,"diario del alto aragon",https://www.diariodelaltoaragon.es/,unknown,"multiple releases",,es,spain,"european news","text (web)",manual,,unknown,unknown,"diario del alto aragon",
110,"onemi: ministerio del interior y seguridad pública",http://www.onemi.cl/,unknown,"multiple releases",,es,cl,"general news","text (web)",manual,,unknown,unknown,"onemi: ministerio del interior y seguridad pública",
111,"cinco de septiembre",http://www.5septiembre.cu/?lang=es,unknown,"multiple releases",,es,cuba,"general news","text (web)",manual,,unknown,unknown,"cinco de septiembre",
112,maillotmag,https://www.maillotmag.com/,unknown,"multiple releases",,es,spain,"general news","text (web)",manual,,unknown,unknown,maillotmag,
113,"abc.es - sevilla - andalucía",http://www.abc.es/,unknown,"multiple releases",,es,spain,"general news","text (web)",manual,,unknown,unknown,"abc.es - sevilla - andalucía",
114,"observatorio de violencia",https://observatoriodeviolencia.org.ve/,unknown,"multiple releases",,es,venezuela,"general news","text (web)",manual,,unknown,unknown,"observatorio de violencia",
115,24ora,https://espanol.24ora.com/,unknown,"multiple releases",,es,aruba,"general news","text (web)",manual,,unknown,unknown,24ora,
116,"la tribuna",http://www.latribuna.hn/,unknown,"multiple releases",,es,honduras,"general news","text (web)",manual,,unknown,unknown,"la tribuna",
117,"radio corporación",https://radio-corporacion.com/,unknown,"multiple releases",,es,nicaragua,"general news","text (web)",manual,,unknown,unknown,"radio corporación",
118,"el heraldo",http://www.elheraldo.hn/,unknown,"multiple releases",,es,honduras,"general news","text (web)",manual,,unknown,unknown,"el heraldo",
119,horapunta,https://www.horapunta.com/tecnopunta,unknown,"multiple releases",,es,spain,"general news","text (web)",manual,,unknown,unknown,horapunta,
120,"guate vision",http://www.guatevision.com/envivo/,unknown,"multiple releases",,es,gt,"general news","text (web)",manual,,unknown,unknown,"guate vision",
121,"upi -spanish",https://espanol.upi.com/,unknown,"multiple releases",,es,usa,"general news","text (web)",manual,,unknown,unknown,"upi -spanish",
122,"el diario de lujan",http://www.diariodelujan.com/,unknown,"multiple releases",,es,argentina,"general news","text (web)",manual,,unknown,unknown,"el diario de lujan",
123,espacioteca,https://espacioteca.com/,unknown,"multiple releases",,es,spain,"general news","text (web)",manual,,unknown,unknown,espacioteca,
124,"quedate a ver",https://www.vtv.gob.ve/,unknown,"multiple releases",,es,venezuela,"general news","text (web)",manual,,unknown,unknown,"quedate a ver",
125,"las noticias de tu localidad, comarca, barrio",https://www.noticiasde.es/,unknown,"multiple releases",,es,spain,"general news","text (web)",manual,,unknown,unknown,"las noticias de tu localidad, comarca, barrio",
126,canarias7,https://www.canarias7.es/,unknown,"multiple releases",,es,spain,"general news","text (web)",manual,,unknown,unknown,canarias7,
127,ezanime,https://www.ezanime.net/,unknown,"multiple releases",,es,spain,"general news","text (web)",manual,,unknown,unknown,ezanime,
128,noticias,http://noticias.perfil.com/,unknown,"multiple releases",,es,argentina,"general news","text (web)",manual,,unknown,unknown,noticias,
129,"global vision consulting ltd. - spanish",https://gvconsulting.com/,unknown,"multiple releases",,es,spain,"general news","text (web)",manual,,unknown,unknown,"global vision consulting ltd. - spanish",
130,"andalucia informacion",https://www.elperiodicomediterraneo.com/,unknown,"multiple releases",,es,spain,"general news","text (web)",manual,,unknown,unknown,"andalucia informacion",
131,"vanguardia de sevilla",http://www.vanguardiadesevilla.com/,unknown,"multiple releases",,es,spain,"general news","text (web)",manual,,unknown,unknown,"vanguardia de sevilla",
132,iresiduo,https://iresiduo.com/,unknown,"multiple releases",,es,spain,"general news","text (web)",manual,,unknown,unknown,iresiduo,
133,ntn24,http://ntn24.com/,unknown,"multiple releases",,es,colombia,"general news","text (web)",manual,,unknown,unknown,ntn24,
134,"el correo del orinoco",https://www.elcorreodelorinoco.com/,unknown,"multiple releases",,es,venezuela,"general news","text (web)",manual,,unknown,unknown,"el correo del orinoco",
135,"noticias ambientales",https://noticiasambientales.com/,unknown,"multiple releases",,es,spain,"general news","text (web)",manual,,unknown,unknown,"noticias ambientales",
136,"valencia plaza - noticias, información y opinión sobre la sociedad, economía, cultura y deportes de la comunitat valenciana -  valencia plaza",https://valenciaplaza.com/,unknown,"multiple releases",,es,spain,"general news","text (web)",manual,,unknown,unknown,"valencia plaza - noticias, información y opinión sobre la sociedad, economía, cultura y deportes de la comunitat valenciana -  valencia plaza",
137,"el medico interactivo",https://elmedicointeractivo.com/,unknown,"multiple releases",,es,spain,"general news","text (web)",manual,,unknown,unknown,"el medico interactivo",
138,tdworld,https://www.tdworld.com/,unknown,"multiple releases",,es,usa,"general news","text (web)",manual,,unknown,unknown,tdworld,
139,"energy news",https://www.energynews.es/,unknown,"multiple releases",,es,spain,environnement,"text (web)",manual,,unknown,unknown,"energy news",
140,"television nacional chilena",http://www.tvn.cl/,unknown,"multiple releases",,es,cl,"general news","text (web)",manual,,unknown,unknown,"television nacional chilena",
141,"barriga verde",http://www.barrigaverde.net/,unknown,"multiple releases",,es,"domenican republic","general news","text (web)",manual,,unknown,unknown,"barriga verde",
142,corresponsables,http://www.corresponsables.com/,unknown,"multiple releases",,es,spain,"general news","text (web)",manual,,unknown,unknown,corresponsables,
143,riesed,http://www.riesed.org/index.php/riesed,unknown,"multiple releases",,es,mexico,"general news","text (web)",manual,,unknown,unknown,riesed,
144,"diario abierto",https://www.diarioabierto.es/,unknown,"multiple releases",,es,spain,"general news","text (web)",manual,,unknown,unknown,"diario abierto",
145,"primicias digital",http://www.primicias.com.do/,unknown,"multiple releases",,es,"domenican republic","general news","text (web)",manual,,unknown,unknown,"primicias digital",
146,perfil,http://www.perfil.com/,unknown,"multiple releases",,es,argentina,"general news","text (web)",manual,,unknown,unknown,perfil,
147,"tribunal supremo electoral",http://tse.oep.org.bo/,unknown,"multiple releases",,es,bolivia,"general news","text (web)",manual,,unknown,unknown,"tribunal supremo electoral",
148,"diario occidente",http://www.occidente.co/,unknown,"multiple releases",,es,colombia,"general news","text (web)",manual,,unknown,unknown,"diario occidente",
149,"imer - instituto mexicano de la radio",http://www.imer.mx/,unknown,"multiple releases",,es,mexico,"general news","text (web)",manual,,unknown,unknown,"imer - instituto mexicano de la radio",
150,"guardia civil",http://www.guardiacivil.es/es/index.html,unknown,"multiple releases",,es,spain,"general news","text (web)",manual,,unknown,unknown,"guardia civil",
151,infolibre,http://www.infolibre.es/,unknown,"multiple releases",,es,spain,"general news","text (web)",manual,,unknown,unknown,infolibre,
152,"presidencia de la república oriental del uruguay",https://www.presidencia.gub.uy//,unknown,"multiple releases",,es,uruguay,"general news","text (web)",manual,,unknown,unknown,"presidencia de la república oriental del uruguay",
153,"financial food",https://financialfood.es/,unknown,"multiple releases",,es,spain,medical,"text (web)",manual,,unknown,unknown,"financial food",
154,"el informador",https://www.elinformador.com.ve/,unknown,"multiple releases",,es,venezuela,"general news","text (web)",manual,,unknown,unknown,"el informador",
155,"senado de la nación argentina",http://www.senado.gov.ar/,unknown,"multiple releases",,es,argentina,"general news","text (web)",manual,,unknown,unknown,"senado de la nación argentina",
156,"presidencia de el salvador",https://www.presidencia.gob.sv/,unknown,"multiple releases",,es,"el salvador","general news","text (web)",manual,,unknown,unknown,"presidencia de el salvador",
157,"el sol de mexico",https://www.elsoldemexico.com.mx/,unknown,"multiple releases",,es,mexico,"general news","text (web)",manual,,unknown,unknown,"el sol de mexico",
158,"diario de león",https://www.diariodeleon.es/,unknown,"multiple releases",,es,spain,"general news","text (web)",manual,,unknown,unknown,"diario de león",
159,postcrescent,http://www.postcrescent.com/,unknown,"multiple releases",,es,usa,"general news","text (web)",manual,,unknown,unknown,postcrescent,
160,"presidencia paraguay",https://www.presidencia.gov.py/,unknown,"multiple releases",,es,paraguay,"general news","text (web)",manual,,unknown,unknown,"presidencia paraguay",
161,elmercuriodigital,http://www.elmercuriodigital.net/search/label/primera?max-results=7,unknown,"multiple releases",,es,spain,"general news","text (web)",manual,,unknown,unknown,elmercuriodigital,
162,aeh2,http://www.aeh2.org/index.php,unknown,"multiple releases",,es,spain,"general news","text (web)",manual,,unknown,unknown,aeh2,
163,"presidencia de la república del perú",https://www.gob.pe/presidencia/,unknown,"multiple releases",,es,peru,"general news","text (web)",manual,,unknown,unknown,"presidencia de la república del perú",
164,"el pais rurales",https://rurales.elpais.com.uy/,unknown,"multiple releases",,es,uruguay,"general news","text (web)",manual,,unknown,unknown,"el pais rurales",
165,ticbeat,https://www.ticbeat.com/,unknown,"multiple releases",,es,spain,"general news","text (web)",manual,,unknown,unknown,ticbeat,
166,montevideo,http://www.montevideo.com.uy,unknown,"multiple releases",,es,uruguay,"general news","text (web)",manual,,unknown,unknown,montevideo,
167,ambientum,https://www.ambientum.com/,unknown,"multiple releases",,es,spain,"general news","text (web)",manual,,unknown,unknown,ambientum,
168,csic,http://www.csic.es,unknown,"multiple releases",,es,spain,"general news","text (web)",manual,,unknown,unknown,csic,
169,"el carabobeño",https://www.el-carabobeno.com,unknown,"multiple releases",,es,venezuela,"general news","text (web)",manual,,unknown,unknown,"el carabobeño",
170,fororecursoshumanos,https://www.fororecursoshumanos.com/,unknown,"multiple releases",,es,spain,"general news","text (web)",manual,,unknown,unknown,fororecursoshumanos,
171,"asamblea nacional",http://www.asamblea.gob.pa/,unknown,"multiple releases",,es,panama,"general news","text (web)",manual,,unknown,unknown,"asamblea nacional",
172,"río negro",http://www.rionegro.com.ar/diario/inicio.aspx,unknown,"multiple releases",,es,argentina,"general news","text (web)",manual,,unknown,unknown,"río negro",
173,"asamblea nacional de nicaragua",http://www.asamblea.gob.ni/,unknown,"multiple releases",,es,nicaragua,"general news","text (web)",manual,,unknown,unknown,"asamblea nacional de nicaragua",
174,"tribunal contencioso electoral del ecuador",http://www.tce.gob.ec/,unknown,"multiple releases",,es,ecuador,"general news","text (web)",manual,,unknown,unknown,"tribunal contencioso electoral del ecuador",
175,"reuters (latin america)",http://lta.reuters.com/,unknown,"multiple releases",,es,"united kingdom","general news","text (web)",manual,,unknown,unknown,"reuters (latin america)",
176,telemetro,http://www.telemetro.com/endirecto/,unknown,"multiple releases",,es,panama,"general news","text (web)",manual,,unknown,unknown,telemetro,
177,"cnn mexican edition",http://mexico.cnn.com,unknown,"multiple releases",,es,mexico,"general news","text (web)",manual,,unknown,unknown,"cnn mexican edition",
178,"partido colorado",https://partidocolorado.uy/,unknown,"multiple releases",,es,uruguay,"general news","text (web)",manual,,unknown,unknown,"partido colorado",
179,"diario de morelos",http://www.diariodemorelos.com/,unknown,"multiple releases",,es,mexico,"general news","text (web)",manual,,unknown,unknown,"diario de morelos",
180,elcomercio,http://www.elcomercio.es/,unknown,"multiple releases",,es,spain,"european news","text (web)",manual,,unknown,unknown,elcomercio,
181,"noticias sin",https://noticiassin.com/,unknown,"multiple releases",,es,"domenican republic","general news","text (web)",manual,,unknown,unknown,"noticias sin",
182,"correo del sur",http://correodelsur.com/,unknown,"multiple releases",,es,bolivia,"general news","text (web)",manual,,unknown,unknown,"correo del sur",
183,"fmbolivia tv",http://www.fmbolivia.tv/,unknown,"multiple releases",,es,bolivia,"general news","text (web)",manual,,unknown,unknown,"fmbolivia tv",
184,"tc televisión",https://www.tctelevision.com/,unknown,"multiple releases",,es,ecuador,"general news","text (web)",manual,,unknown,unknown,"tc televisión",
185,"el ágora",https://www.elagoradiario.com/,unknown,"multiple releases",,es,spain,"general news","text (web)",manual,,unknown,unknown,"el ágora",
186,vicepresidencia,http://www.vicepresidencia.gob.ve/,unknown,"multiple releases",,es,venezuela,"general news","text (web)",manual,,unknown,unknown,vicepresidencia,
187,elfac,https://www.elfac.org/,unknown,"multiple releases",,es,spain,"general news","text (web)",manual,,unknown,unknown,elfac,
188,"el periodico venezolano",https://elperiodicovenezolano.com/,unknown,"multiple releases",,es,venezuela,"general news","text (web)",manual,,unknown,unknown,"el periodico venezolano",
189,"el economista",https://www.eleconomista.com.mx/,unknown,"multiple releases",,es,mexico,"general news","text (web)",manual,,unknown,unknown,"el economista",
190,"mexico institute",http://mexicoinstitute.wordpress.com/,unknown,"multiple releases",,es,mexico,"general news","text (web)",manual,,unknown,unknown,"mexico institute",
191,"de peru",http://www.deperu.com/,unknown,"multiple releases",,es,peru,"general news","text (web)",manual,,unknown,unknown,"de peru",
192,"noticias ahora",https://www.noticias-ahora.com/,unknown,"multiple releases",,es,venezuela,"general news","text (web)",manual,,unknown,unknown,"noticias ahora",
193,"el diario montanes",http://www.eldiariomontanes.es/,unknown,"multiple releases",,es,spain,"general news","text (web)",manual,,unknown,unknown,"el diario montanes",
194,bolpress,https://www.bolpress.com/,unknown,"multiple releases",,es,bolivia,"general news","text (web)",manual,,unknown,unknown,bolpress,
195,"futuro verde",http://futuroverde.org/,unknown,"multiple releases",,es,spain,"general news","text (web)",manual,,unknown,unknown,"futuro verde",
196,"cuarto poder",http://www.cuartopoder.mx/,unknown,"multiple releases",,es,mexico,"general news","text (web)",manual,,unknown,unknown,"cuarto poder",
197,diariodeavila,https://www.diariodeavila.es/,unknown,"multiple releases",,es,spain,"european news","text (web)",manual,,unknown,unknown,diariodeavila,
198,"el economista [spain]",http://www.eleconomista.es/,unknown,"multiple releases",,es,spain,"financial news","text (web)",manual,,unknown,unknown,"el economista [spain]",
199,leonoticias,https://www.leonoticias.com/,unknown,"multiple releases",,es,spain,"general news","text (web)",manual,,unknown,unknown,leonoticias,
200,caretas,https://www.caretas.com.pe/,unknown,"multiple releases",,es,peru,"general news","text (web)",manual,,unknown,unknown,caretas,
201,"politicos peru",http://www.politicosperu.com/,unknown,"multiple releases",,es,peru,"general news","text (web)",manual,,unknown,unknown,"politicos peru",
202,"diario de huelva",https://www.diariodehuelva.es/,unknown,"multiple releases",,es,spain,"general news","text (web)",manual,,unknown,unknown,"diario de huelva",
203,qué!,https://www.que.es/,unknown,"multiple releases",,es,spain,"general news","text (web)",manual,,unknown,unknown,qué!,
204,anabad,https://www.anabad.org/,unknown,"multiple releases",,es,spain,"general news","text (web)",manual,,unknown,unknown,anabad,
205,"hoy bolivia",http://hoybolivia.com/,unknown,"multiple releases",,es,bolivia,"general news","text (web)",manual,,unknown,unknown,"hoy bolivia",
206,"ministerio de desarrollo minero ecológico",http://desarrollominero.gob.ve/,unknown,"multiple releases",,es,venezuela,"general news","text (web)",manual,,unknown,unknown,"ministerio de desarrollo minero ecológico",
207,"el impulso",http://elimpulso.com/,unknown,"multiple releases",,es,venezuela,"general news","text (web)",manual,,unknown,unknown,"el impulso",
208,"news millenium",https://www.newsmillenium.com/,unknown,"multiple releases",,es,"el salvador","general news","text (web)",manual,,unknown,unknown,"news millenium",
209,"misiones online",http://misionesonline.net/,unknown,"multiple releases",,es,argentina,"general news","text (web)",manual,,unknown,unknown,"misiones online",
210,noticiaspress,http://www.noticiaspress.es/,unknown,"multiple releases",,es,spain,"general news","text (web)",manual,,unknown,unknown,noticiaspress,
211,"el comercio",http://www.elcomercio.com/,unknown,"multiple releases",,es,ecuador,"general news","text (web)",manual,,unknown,unknown,"el comercio",
212,"el diario",https://www.eldiario.net/,unknown,"multiple releases",,es,bolivia,"general news","text (web)",manual,,unknown,unknown,"el diario",
213,hola,https://www.hola.com/,unknown,"multiple releases",,es,spain,"general news","text (web)",manual,,unknown,unknown,hola,
214,"el luchador",https://elluchador.info/web/,unknown,"multiple releases",,es,venezuela,"general news","text (web)",manual,,unknown,unknown,"el luchador",
215,"la informacion",https://www.lainformacion.com/,unknown,"multiple releases",,es,spain,"general news","text (web)",manual,,unknown,unknown,"la informacion",
216,"agronews castilla y león",https://www.agronewscastillayleon.com/,unknown,"multiple releases",,es,spain,agriculture,"text (web)",manual,,unknown,unknown,"agronews castilla y león",
217,diariodeburgos,https://www.diariodeburgos.es/,unknown,"multiple releases",,es,spain,"european news","text (web)",manual,,unknown,unknown,diariodeburgos,
218,"la segunda",http://www.lasegunda.com/,unknown,"multiple releases",,es,cl,"general news","text (web)",manual,,unknown,unknown,"la segunda",
219,aguasresiduales,http://www.aguasresiduales.info/,unknown,"multiple releases",,es,spain,"general news","text (web)",manual,,unknown,unknown,aguasresiduales,
220,vanguardia,http://www.vanguardia.com.mx/,unknown,"multiple releases",,es,mexico,"general news","text (web)",manual,,unknown,unknown,vanguardia,
221,notiulti,https://www.notiulti.com,unknown,"multiple releases",,es,spain,"general news","text (web)",manual,,unknown,unknown,notiulti,
222,"sahara press service (spanish)",http://www.spsrasd.info/news/es,unknown,"multiple releases",,es,"west sahara","general news","text (web)",manual,,unknown,unknown,"sahara press service (spanish)",
223,"el tambor",http://www.eltambor.es/,unknown,"multiple releases",,es,spain,"european news","text (web)",manual,,unknown,unknown,"el tambor",
224,"ministerio del poder popular para relaciones exteriores",http://mppre.gob.ve/,unknown,"multiple releases",,es,venezuela,"general news","text (web)",manual,,unknown,unknown,"ministerio del poder popular para relaciones exteriores",
225,"hoydigital - diario en la republica dominicana",http://www.hoy.com.do/,unknown,"multiple releases",,es,"domenican republic","general news","text (web)",manual,,unknown,unknown,"hoydigital - diario en la republica dominicana",
226,olé,http://www.ole.com.ar/,unknown,"multiple releases",,es,argentina,"general news","text (web)",manual,,unknown,unknown,olé,
227,"vietnam pictorial (spanish)",http://vietnam.vnanet.vn/spanish/,unknown,"multiple releases",,es,vietnam,"general news","text (web)",manual,,unknown,unknown,"vietnam pictorial (spanish)",
228,"gaceta medica",http://www.gacetamedica.com/,unknown,"multiple releases",,es,spain,"general news","text (web)",manual,,unknown,unknown,"gaceta medica",
229,"diario expansión",https://www.expansion.com/,unknown,"multiple releases",,es,spain,"general news","text (web)",manual,,unknown,unknown,"diario expansión",
230,"radio fides",http://radiofides.com/es/,unknown,"multiple releases",,es,bolivia,"general news","text (web)",manual,,unknown,unknown,"radio fides",
231,"nuevo ojo",http://ojo.pe/,unknown,"multiple releases",,es,peru,"general news","text (web)",manual,,unknown,unknown,"nuevo ojo",
232,"todo noticias",https://tn.com.ar/,unknown,"multiple releases",,es,argentina,"general news","text (web)",manual,,unknown,unknown,"todo noticias",
233,dinero,http://www.dinero.com/,unknown,"multiple releases",,es,colombia,"general news","text (web)",manual,,unknown,unknown,dinero,
234,conred,https://conred.gob.gt/emergencia/,unknown,"multiple releases",,es,gt,"general news","text (web)",manual,,unknown,unknown,conred,
235,energetica21,http://energetica21.com/,unknown,"multiple releases",,es,spain,science,"text (web)",manual,,unknown,unknown,energetica21,
236,"tribunal supremo electoral",http://www.oep.org.bo/,unknown,"multiple releases",,es,bolivia,"general news","text (web)",manual,,unknown,unknown,"tribunal supremo electoral",
237,"el cronista",http://www.cronista.com/,unknown,"multiple releases",,es,argentina,"general news","text (web)",manual,,unknown,unknown,"el cronista",
238,"sana - syrian arab news agency  (spanish)",http://www.sana.sy/es/,unknown,"multiple releases",,es,syria,"general news","text (web)",manual,,unknown,unknown,"sana - syrian arab news agency  (spanish)",
239,"pv magazine latam",https://www.pv-magazine-latam.com/,unknown,"multiple releases",,es,usa,science,"text (web)",manual,,unknown,unknown,"pv magazine latam",
240,"el mirón de soria",https://elmirondesoria.es/,unknown,"multiple releases",,es,spain,"general news","text (web)",manual,,unknown,unknown,"el mirón de soria",
241,"oea - organización de los estados americanos",http://www.oas.org/en/,unknown,"multiple releases",,es,usa,"general news","text (web)",manual,,unknown,unknown,"oea - organización de los estados americanos",
242,miteco,https://www.miteco.gob.es/,unknown,"multiple releases",,es,spain,environnement,"text (web)",manual,,unknown,unknown,miteco,
243,"diario el siglo",http://elsiglo.com.ve/,unknown,"multiple releases",,es,venezuela,"general news","text (web)",manual,,unknown,unknown,"diario el siglo",
244,"diario financiero",http://www.df.cl,unknown,"multiple releases",,es,cl,"general news","text (web)",manual,,unknown,unknown,"diario financiero",
245,"noticias de navarra",http://www.noticiasdenavarra.com/,unknown,"multiple releases",,es,spain,"general news","text (web)",manual,,unknown,unknown,"noticias de navarra",
246,"nuevo día santa cruz",http://www.eldiarionuevodia.com.ar/,unknown,"multiple releases",,es,argentina,"general news","text (web)",manual,,unknown,unknown,"nuevo día santa cruz",
247,"artículo 66",https://www.articulo66.com/,unknown,"multiple releases",,es,nicaragua,"general news","text (web)",manual,,unknown,unknown,"artículo 66",
248,telesur,http://www.telesurtv.net/,unknown,"multiple releases",,es,venezuela,"general news","text (web)",manual,,unknown,unknown,telesur,
249,"telecinco - spanish tv news",https://www.telecinco.es/,unknown,"multiple releases",,es,spain,"general news","text (web)",manual,,unknown,unknown,"telecinco - spanish tv news",
250,"radio cooperativa",http://www.cooperativa.cl/,unknown,"multiple releases",,es,cl,"general news","text (web)",manual,,unknown,unknown,"radio cooperativa",
251,"el peruano",https://elperuano.pe/,unknown,"multiple releases",,es,peru,"general news","text (web)",manual,,unknown,unknown,"el peruano",
252,"ultima hora",http://www.ultimahora.com/,unknown,"multiple releases",,es,paraguay,"general news","text (web)",manual,,unknown,unknown,"ultima hora",
253,"el debate",http://www.debate.com.mx/index.html,unknown,"multiple releases",,es,mexico,"general news","text (web)",manual,,unknown,unknown,"el debate",
254,"el diario",http://diario.mx/,unknown,"multiple releases",,es,mexico,"general news","text (web)",manual,,unknown,unknown,"el diario",
255,"el comercio perú",https://elcomercio.pe/,unknown,"multiple releases",,es,peru,"general news","text (web)",manual,,unknown,unknown,"el comercio perú",
256,"la provincia",http://www.laprovincia.es/,unknown,"multiple releases",,es,spain,"general news","text (web)",manual,,unknown,unknown,"la provincia",
257,"diari de tarragona",https://www.diaridetarragona.com/,unknown,"multiple releases",,es,spain,"general news","text (web)",manual,,unknown,unknown,"diari de tarragona",
258,"minuto a minuto",http://minutoaminuto.com.ve/,unknown,"multiple releases",,es,venezuela,"general news","text (web)",manual,,unknown,unknown,"minuto a minuto",
259,"diario co latino",http://www.diariocolatino.com/,unknown,"multiple releases",,es,"el salvador","general news","text (web)",manual,,unknown,unknown,"diario co latino",
260,agrodiario,https://www.agrodiario.com/,unknown,"multiple releases",,es,spain,"general news","text (web)",manual,,unknown,unknown,agrodiario,
261,"economía - finanzas",http://www.economiafinanzas.com/,unknown,"multiple releases",,es,spain,"financial news","text (web)",manual,,unknown,unknown,"economía - finanzas",
262,"radio televisión a la carta",http://www.rtve.es/alacarta/,unknown,"multiple releases",,es,spain,"general news","text (web)",manual,,unknown,unknown,"radio televisión a la carta",
263,"la sexta tv",https://www.lasexta.com/,unknown,"multiple releases",,es,spain,"general news","text (web)",manual,,unknown,unknown,"la sexta tv",
264,"correo del caroní",http://www.correodelcaroni.com/,unknown,"multiple releases",,es,venezuela,"general news","text (web)",manual,,unknown,unknown,"correo del caroní",
265,"invasor, ciego de ávila, cuba",http://www.invasor.cu/es/,unknown,"multiple releases",,es,cuba,"general news","text (web)",manual,,unknown,unknown,"invasor, ciego de ávila, cuba",
266,diagonales,https://diagonales.com/,unknown,"multiple releases",,es,argentina,"general news","text (web)",manual,,unknown,unknown,diagonales,
267,"el periódico",http://www.elperiodico.com/es/,unknown,"multiple releases",,es,spain,"general news","text (web)",manual,,unknown,unknown,"el periódico",
268,diphuelva,http://www.diphuelva.es/,unknown,"multiple releases",,es,spain,"general news","text (web)",manual,,unknown,unknown,diphuelva,
269,eapc,https://eapc.blog.gencat.cat/,unknown,"multiple releases",,es,spain,"general news","text (web)",manual,,unknown,unknown,eapc,
270,riceg,http://www.riceg.org/index.php/riceg/index,unknown,"multiple releases",,es,mexico,"general news","text (web)",manual,,unknown,unknown,riceg,
271,proexport,http://www.proexport.es/,unknown,"multiple releases",,es,spain,"general news","text (web)",manual,,unknown,unknown,proexport,
272,"radio cáritas 680 am",http://www.caritas.com.py/,unknown,"multiple releases",,es,paraguay,"general news","text (web)",manual,,unknown,unknown,"radio cáritas 680 am",
273,"noticiero venevisión",http://www.noticierovenevision.net/,unknown,"multiple releases",,es,venezuela,"general news","text (web)",manual,,unknown,unknown,"noticiero venevisión",
274,"puerto bahía de algeciras",https://www.apba.es/,unknown,"multiple releases",,es,spain,"general news","text (web)",manual,,unknown,unknown,"puerto bahía de algeciras",
275,conadeh,https://conadeh.hn/,unknown,"multiple releases",,es,honduras,"general news","text (web)",manual,,unknown,unknown,conadeh,
276,"diario y radio uchile",http://radio.uchile.cl/,unknown,"multiple releases",,es,cl,"general news","text (web)",manual,,unknown,unknown,"diario y radio uchile",
277,"entorno inteligente",http://www.entornointeligente.com/,unknown,"multiple releases",,es,venezuela,"general news","text (web)",manual,,unknown,unknown,"entorno inteligente",
278,"tecno aqua",https://www.tecnoaqua.es/,unknown,"multiple releases",,es,spain,"general news","text (web)",manual,,unknown,unknown,"tecno aqua",
279,"amnesty international - spanish",http://www.amnesty.org/es/,unknown,"multiple releases",,es,"united kingdom",ngo,"text (web)",manual,,unknown,unknown,"amnesty international - spanish",
280,"salamanca rtv al día",https://salamancartvaldia.es/,unknown,"multiple releases",,es,spain,"european news","text (web)",manual,,unknown,unknown,"salamanca rtv al día",
281,cmdsport,https://www.cmdsport.com/,unknown,"multiple releases",,es,spain,"european news","text (web)",manual,,unknown,unknown,cmdsport,
282,"ieee - instituto español de estudios estratégicos",http://www.ieee.es/,unknown,"multiple releases",,es,spain,"general news","text (web)",manual,,unknown,unknown,"ieee - instituto español de estudios estratégicos",
283,"la prensa grafica",http://www.laprensagrafica.com/inicio,unknown,"multiple releases",,es,"el salvador","general news","text (web)",manual,,unknown,unknown,"la prensa grafica",
284,notimérica,https://www.notimerica.com/,unknown,"multiple releases",,es,cl,"general news","text (web)",manual,,unknown,unknown,notimérica,
285,"el vacanudo",http://www.elvacanudo.cl/,unknown,"multiple releases",,es,cl,"general news","text (web)",manual,,unknown,unknown,"el vacanudo",
286,"la nación - costa rica",https://www.nacion.com/,unknown,"multiple releases",,es,cr,"general news","text (web)",manual,,unknown,unknown,"la nación - costa rica",
287,cibercuba,https://www.cibercuba.com/,unknown,"multiple releases",,es,cuba,"general news","text (web)",manual,,unknown,unknown,cibercuba,
288,marca,https://www.marca.com/,unknown,"multiple releases",,es,spain,"general news","text (web)",manual,,unknown,unknown,marca,
289,"al momento",http://www.almomento.net,unknown,"multiple releases",,es,"domenican republic","general news","text (web)",manual,,unknown,unknown,"al momento",
290,"portal del campo",https://portaldelcampo.cl/,unknown,"multiple releases",,es,cl,"general news","text (web)",manual,,unknown,unknown,"portal del campo",
291,"diario región",https://www.diarioregion.com,unknown,"multiple releases",,es,venezuela,"general news","text (web)",manual,,unknown,unknown,"diario región",
292,"verdad abierta",https://verdadabierta.com/,unknown,"multiple releases",,es,colombia,"general news","text (web)",manual,,unknown,unknown,"verdad abierta",
293,"sercano - servicio centroamericano de noticias",http://www.sercano.com/,unknown,"multiple releases",,es,usa,"general news","text (web)",manual,,unknown,unknown,"sercano - servicio centroamericano de noticias",
294,"la opinión",http://www.laopinion.com.co/,unknown,"multiple releases",,es,colombia,"general news","text (web)",manual,,unknown,unknown,"la opinión",
295,"el observatodo",http://www.elobservatodo.cl/,unknown,"multiple releases",,es,cl,"general news","text (web)",manual,,unknown,unknown,"el observatodo",
296,"majadahonda magazin",https://majadahondamagazin.es/,unknown,"multiple releases",,es,spain,"european news","text (web)",manual,,unknown,unknown,"majadahonda magazin",
297,univision,http://www.univision.com/noticias,unknown,"multiple releases",,es,usa,"general news","text (web)",manual,,unknown,unknown,univision,
298,larioja,https://www.larioja.com/,unknown,"multiple releases",,es,spain,"general news","text (web)",manual,,unknown,unknown,larioja,
299,"la nueva españa",https://www.lne.es/,unknown,"multiple releases",,es,spain,"general news","text (web)",manual,,unknown,unknown,"la nueva españa",
300,"el diario de yucatán",http://www.yucatan.com.mx/,unknown,"multiple releases",,es,mexico,"general news","text (web)",manual,,unknown,unknown,"el diario de yucatán",
301,"la tribuna de albacete. noticias de albacete y provincia",https://www.latribunadealbacete.es/,unknown,"multiple releases",,es,spain,"general news","text (web)",manual,,unknown,unknown,"la tribuna de albacete. noticias de albacete y provincia",
302,cippec,https://www.cippec.org/,unknown,"multiple releases",,es,argentina,"general news","text (web)",manual,,unknown,unknown,cippec,
303,electricas,https://www.electricas.net/,unknown,"multiple releases",,es,spain,technology,"text (web)",manual,,unknown,unknown,electricas,
304,"revista semana",https://www.semana.com/,unknown,"multiple releases",,es,colombia,"general news","text (web)",manual,,unknown,unknown,"revista semana",
305,eysmunicipales,https://www.eysmunicipales.es/,unknown,"multiple releases",,es,spain,"general news","text (web)",manual,,unknown,unknown,eysmunicipales,
306,"ecoavant - environment news",https://www.ecoavant.com/,unknown,"multiple releases",,es,spain,environnement,"text (web)",manual,,unknown,unknown,"ecoavant - environment news",
307,"europa press",https://www.europapress.es/,unknown,"multiple releases",,es,spain,"general news","text (web)",manual,,unknown,unknown,"europa press",
308,redr,http://www.redr.es/es/portal.do,unknown,"multiple releases",,es,spain,"general news","text (web)",manual,,unknown,unknown,redr,
309,"la silla rota",http://lasillarota.com/,unknown,"multiple releases",,es,mexico,"general news","text (web)",manual,,unknown,unknown,"la silla rota",
310,"el nuevo siglo",https://www.elnuevosiglo.com.co/,unknown,"multiple releases",,es,colombia,"general news","text (web)",manual,,unknown,unknown,"el nuevo siglo",
311,nómada,https://nomada.gt/,unknown,"multiple releases",,es,gt,"general news","text (web)",manual,,unknown,unknown,nómada,
312,"junta central electoral",http://jce.gob.do/,unknown,"multiple releases",,es,"domenican republic","general news","text (web)",manual,,unknown,unknown,"junta central electoral",
313,"la prensa",http://laprensa.peru.com/,unknown,"multiple releases",,es,peru,"general news","text (web)",manual,,unknown,unknown,"la prensa",
314,reac,https://reac.es/,unknown,"multiple releases",,es,spain,"general news","text (web)",manual,,unknown,unknown,reac,
315,"la silla vacía",http://lasillavacia.com/,unknown,"multiple releases",,es,colombia,"general news","text (web)",manual,,unknown,unknown,"la silla vacía",
316,"la jornada",http://www.jornada.unam.mx/ultimas,unknown,"multiple releases",,es,mexico,"general news","text (web)",manual,,unknown,unknown,"la jornada",
317,"correo peru",http://diariocorreo.pe/,unknown,"multiple releases",,es,peru,"general news","text (web)",manual,,unknown,unknown,"correo peru",
318,"diario voces",http://diariovoces.com.pe/,unknown,"multiple releases",,es,peru,"general news","text (web)",manual,,unknown,unknown,"diario voces",
319,elfrontal,https://www.elfrontal.com/,unknown,"multiple releases",,es,spain,"general news","text (web)",manual,,unknown,unknown,elfrontal,
320,"página 7",http://www.paginasiete.bo/,unknown,"multiple releases",,es,bolivia,"general news","text (web)",manual,,unknown,unknown,"página 7",
321,decisive2020,https://www.decisive2020.eu/,unknown,"multiple releases",,es,spain,"general news","text (web)",manual,,unknown,unknown,decisive2020,
322,"pnud bolivia",http://www.bo.undp.org/,unknown,"multiple releases",,es,bolivia,"general news","text (web)",manual,,unknown,unknown,"pnud bolivia",
323,"yahoo! finanza - spanish",https://es.finance.yahoo.com/,unknown,"multiple releases",,es,spain,"financial news","text (web)",manual,,unknown,unknown,"yahoo! finanza - spanish",
324,gestión,http://gestion.pe/,unknown,"multiple releases",,es,peru,"financial news","text (web)",manual,,unknown,unknown,gestión,
325,"la prensa - honduras",http://www.laprensa.hn/,unknown,"multiple releases",,es,honduras,"general news","text (web)",manual,,unknown,unknown,"la prensa - honduras",
326,"la opinión de tenerife",http://www.laopinion.es/,unknown,"multiple releases",,es,spain,"general news","text (web)",manual,,unknown,unknown,"la opinión de tenerife",
327,"tribunal superior de justicia electoral",http://tsje.gov.py/,unknown,"multiple releases",,es,paraguay,"general news","text (web)",manual,,unknown,unknown,"tribunal superior de justicia electoral",
328,"isd - iniciativa social para la democracia",http://www.isd.org.sv/,unknown,"multiple releases",,es,"el salvador","general news","text (web)",manual,,unknown,unknown,"isd - iniciativa social para la democracia",
329,"informa tico",http://www.informa-tico.com/,unknown,"multiple releases",,es,cr,"general news","text (web)",manual,,unknown,unknown,"informa tico",
330,"primera edicion web",http://www.primeraedicion.com.ar/,unknown,"multiple releases",,es,argentina,"general news","text (web)",manual,,unknown,unknown,"primera edicion web",
331,"el asombrario",https://elasombrario.com/,unknown,"multiple releases",,es,spain,agriculture,"text (web)",manual,,unknown,unknown,"el asombrario",
332,"el correo digital",http://www.elcorreodigital.com/,unknown,"multiple releases",,es,spain,"general news","text (web)",manual,,unknown,unknown,"el correo digital",
333,"el mundo (spain)",http://www.elmundo.es/,unknown,"multiple releases",,es,spain,"general news","text (web)",manual,,unknown,unknown,"el mundo (spain)",
334,vhio,https://www.vhio.net/,unknown,"multiple releases",,es,spain,"general news","text (web)",manual,,unknown,unknown,vhio,
335,"diario el pueblo",http://www.diarioelpueblo.com.uy/,unknown,"multiple releases",,es,uruguay,"general news","text (web)",manual,,unknown,unknown,"diario el pueblo",
336,"migration ngo - asociación comisión católica espanola de migración",https://www.accem.es/,unknown,"multiple releases",,es,spain,"general news","text (web)",manual,,unknown,unknown,"migration ngo - asociación comisión católica espanola de migración",
337,"la opiñon",http://www.laopinon.cl/,unknown,"multiple releases",,es,cl,"general news","text (web)",manual,,unknown,unknown,"la opiñon",
338,"red uno",https://www.reduno.com.bo/,unknown,"multiple releases",,es,bolivia,"general news","text (web)",manual,,unknown,unknown,"red uno",
339,"acta sanitaria",https://www.actasanitaria.com/,unknown,"multiple releases",,es,spain,"european news","text (web)",manual,,unknown,unknown,"acta sanitaria",
340,"corte de cuentas",https://www.cortedecuentas.gob.sv/index.php/es/,unknown,"multiple releases",,es,"el salvador","general news","text (web)",manual,,unknown,unknown,"corte de cuentas",
341,"coin telegraph - en espagnol",https://es.cointelegraph.com/,unknown,"multiple releases",,es,usa,"financial news","text (web)",manual,,unknown,unknown,"coin telegraph - en espagnol",
342,"istituto national electoral",http://www.ine.mx/portal/,unknown,"multiple releases",,es,mexico,"general news","text (web)",manual,,unknown,unknown,"istituto national electoral",
343,"instituto de estudios peruanos",http://www.iep.org.pe,unknown,"multiple releases",,es,peru,"general news","text (web)",manual,,unknown,unknown,"instituto de estudios peruanos",
344,"diario norte",http://www.diarionorte.com.uy/,unknown,"multiple releases",,es,uruguay,"general news","text (web)",manual,,unknown,unknown,"diario norte",
345,"afp - agence france presse (spanish)",https://www.afp.com/es,unknown,"multiple releases",,es,france,"general news","text (web)",manual,,unknown,unknown,"afp - agence france presse (spanish)",
346,"el universal estado de méxico",https://www.eluniversal.com.mx/,unknown,"multiple releases",,es,mexico,"general news","text (web)",manual,,unknown,unknown,"el universal estado de méxico",
347,"universidad tecnológica nacional - facultad bahía blanca",https://www.frbb.utn.edu.ar/frbb/index.php,unknown,"multiple releases",,es,argentina,"general news","text (web)",manual,,unknown,unknown,"universidad tecnológica nacional - facultad bahía blanca",
348,"portal 180",http://www.180.com.uy/,unknown,"multiple releases",,es,uruguay,"general news","text (web)",manual,,unknown,unknown,"portal 180",
349,"el tiempo - colombia",https://www.eltiempo.com,unknown,"multiple releases",,es,colombia,"general news","text (web)",manual,,unknown,unknown,"el tiempo - colombia",
350,institucional,http://www.ideam.gov.co/web/sala-de-prensa,unknown,"multiple releases",,es,colombia,"general news","text (web)",manual,,unknown,unknown,institucional,
351,ideal,http://www.ideal.es/,unknown,"multiple releases",,es,spain,"general news","text (web)",manual,,unknown,unknown,ideal,
352,burgosconecta,https://www.burgosconecta.es/,unknown,"multiple releases",,es,spain,"european news","text (web)",manual,,unknown,unknown,burgosconecta,
353,telenoche,https://www.telenoche.com.uy/,unknown,"multiple releases",,es,uruguay,"general news","text (web)",manual,,unknown,unknown,telenoche,
354,"la gaceta",http://www.lagaceta.com.ar/,unknown,"multiple releases",,es,argentina,"general news","text (web)",manual,,unknown,unknown,"la gaceta",
355,"diario digital república dominicana",http://www.diariodigitalrd.com/,unknown,"multiple releases",,es,"domenican republic","general news","text (web)",manual,,unknown,unknown,"diario digital república dominicana",
356,tribuna,https://tribuna.ucm.es/,unknown,"multiple releases",,es,spain,"general news","text (web)",manual,,unknown,unknown,tribuna,
357,"ntr zacatecas",http://ntrzacatecas.com/,unknown,"multiple releases",,es,mexico,"general news","text (web)",manual,,unknown,unknown,"ntr zacatecas",
358,"la verdad de murcia",https://www.laverdad.es/,unknown,"multiple releases",,es,spain,"general news","text (web)",manual,,unknown,unknown,"la verdad de murcia",
359,efeverde,https://www.efeverde.com/,unknown,"multiple releases",,es,spain,"general news","text (web)",manual,,unknown,unknown,efeverde,
360,"monumental am 1080",http://www.monumental.com.py/,unknown,"multiple releases",,es,paraguay,"general news","text (web)",manual,,unknown,unknown,"monumental am 1080",
361,"diputados argentina",https://www.hcdn.gob.ar/,unknown,"multiple releases",,es,argentina,"general news","text (web)",manual,,unknown,unknown,"diputados argentina",
362,"el país retina: transformación digital y tecnología",https://retina.elpais.com/,unknown,"multiple releases",,es,spain,technology,"text (web)",manual,,unknown,unknown,"el país retina: transformación digital y tecnología",
363,fiscalia,http://www.fiscalia.gob.sv/,unknown,"multiple releases",,es,"el salvador","general news","text (web)",manual,,unknown,unknown,fiscalia,
364,"crónica uno - periodismo de interés público desde venezuela",https://cronica.uno/,unknown,"multiple releases",,es,venezuela,"general news","text (web)",manual,,unknown,unknown,"crónica uno - periodismo de interés público desde venezuela",
365,"la region",http://www.laregion.es/,unknown,"multiple releases",,es,spain,"general news","text (web)",manual,,unknown,unknown,"la region",
366,"iaea - international atomic energy agency- spanish",https://www.iaea.org/es/news,unknown,"multiple releases",,es,austria,ngo,"text (web)",manual,,unknown,unknown,"iaea - international atomic energy agency- spanish",
367,"el correo de andalucía",https://elcorreoweb.es/,unknown,"multiple releases",,es,spain,"general news","text (web)",manual,,unknown,unknown,"el correo de andalucía",
368,jornada,https://jornadanet.com/,unknown,"multiple releases",,es,bolivia,"general news","text (web)",manual,,unknown,unknown,jornada,
369,"ministerio hacienda",http://www.hacienda.gov.py/web-hacienda/index.php,unknown,"multiple releases",,es,paraguay,"general news","text (web)",manual,,unknown,unknown,"ministerio hacienda",
370,"redacción médica",https://www.redaccionmedica.com/,unknown,"multiple releases",,es,spain,"general news","text (web)",manual,,unknown,unknown,"redacción médica",
371,"instituto nacional de estadística",https://www.ine.es/,unknown,"multiple releases",,es,spain,"general news","text (web)",manual,,unknown,unknown,"instituto nacional de estadística",
372,intereconomia,https://intereconomia.com/,unknown,"multiple releases",,es,spain,"general news","text (web)",manual,,unknown,unknown,intereconomia,
373,"faro de vigo",http://www.farodevigo.es/,unknown,"multiple releases",,es,spain,"general news","text (web)",manual,,unknown,unknown,"faro de vigo",
374,"tal cual digital",https://www.talcualdigital.com,unknown,"multiple releases",,es,nicaragua,"general news","text (web)",manual,,unknown,unknown,"tal cual digital",
375,"tvpy - televisión del paraguay",http://www.television.com.py/,unknown,"multiple releases",,es,paraguay,"general news","text (web)",manual,,unknown,unknown,"tvpy - televisión del paraguay",
376,"diario el popular argentina",http://www.elpopular.com.ar/,unknown,"multiple releases",,es,argentina,"general news","text (web)",manual,,unknown,unknown,"diario el popular argentina",
377,"la politica online",http://www.lapoliticaonline.com/,unknown,"multiple releases",,es,argentina,"general news","text (web)",manual,,unknown,unknown,"la politica online",
378,"tv cubana",http://www.tvcubana.icrt.cu/,unknown,"multiple releases",,es,cuba,"general news","text (web)",manual,,unknown,unknown,"tv cubana",
379,p2p,https://p2pmodels.eu/,unknown,"multiple releases",,es,spain,"general news","text (web)",manual,,unknown,unknown,p2p,
380,"tandil diario",http://www.tandildiario.com/,unknown,"multiple releases",,es,argentina,"general news","text (web)",manual,,unknown,unknown,"tandil diario",
381,"comentarios en cuartopoder",https://www.cuartopoder.es/,unknown,"multiple releases",,es,spain,"european news","text (web)",manual,,unknown,unknown,"comentarios en cuartopoder",
382,gkillcity,https://gk.city/,unknown,"multiple releases",,es,usa,"general news","text (web)",manual,,unknown,unknown,gkillcity,
383,"el faradio",https://www.elfaradio.com/,unknown,"multiple releases",,es,spain,"general news","text (web)",manual,,unknown,unknown,"el faradio",
384,"policia nacional",https://www.policia.es/_es/index.php,unknown,"multiple releases",,es,spain,"general news","text (web)",manual,,unknown,unknown,"policia nacional",
385,"consejo nacional para la igualdad de pueblos y nacionalidades",http://www.pueblosynacionalidades.gob.ec/,unknown,"multiple releases",,es,ecuador,"general news","text (web)",manual,,unknown,unknown,"consejo nacional para la igualdad de pueblos y nacionalidades",
386,"prensa libre",http://www.prensalibre.com/,unknown,"multiple releases",,es,gt,"general news","text (web)",manual,,unknown,unknown,"prensa libre",
387,freshplaza,http://www.freshplaza.es/,unknown,"multiple releases",,es,spain,"general news","text (web)",manual,,unknown,unknown,freshplaza,
388,"cambio de michoacán",http://www.cambiodemichoacan.com.mx/,unknown,"multiple releases",,es,mexico,"general news","text (web)",manual,,unknown,unknown,"cambio de michoacán",
389,"cronica del quindio",https://www.cronicadelquindio.com/,unknown,"multiple releases",,es,colombia,"general news","text (web)",manual,,unknown,unknown,"cronica del quindio",
390,"los tiempos",http://www.lostiempos.com/,unknown,"multiple releases",,es,bolivia,"general news","text (web)",manual,,unknown,unknown,"los tiempos",
391,opciones,http://www.opciones.cu/,unknown,"multiple releases",,es,cuba,"general news","text (web)",manual,,unknown,unknown,opciones,
392,muypymes,http://www.muypymes.com/,unknown,"multiple releases",,es,spain,"general news","text (web)",manual,,unknown,unknown,muypymes,
393,"el salvador noticias",https://www.elsalvador.com/,unknown,"multiple releases",,es,"el salvador","general news","text (web)",manual,,unknown,unknown,"el salvador noticias",
394,"la defensoría de los habitantes",http://www.dhr.go.cr/,unknown,"multiple releases",,es,cr,"general news","text (web)",manual,,unknown,unknown,"la defensoría de los habitantes",
395,"wind energy and the electric vehicle",http://www.evwind.es/,unknown,"multiple releases",,es,spain,science,"text (web)",manual,,unknown,unknown,"wind energy and the electric vehicle",
396,"el diario",https://www.eldiario.es/,unknown,"multiple releases",,es,spain,"general news","text (web)",manual,,unknown,unknown,"el diario",
397,"confederación de sociedades científicas de españa (cosce)",https://www.cosce.org/,unknown,"multiple releases",,es,spain,"general news","text (web)",manual,,unknown,unknown,"confederación de sociedades científicas de españa (cosce)",
398,diario-eco,https://www.diario.eco/,unknown,"multiple releases",,es,spain,"general news","text (web)",manual,,unknown,unknown,diario-eco,
399,decisive2020,https://www.upo.es/upotec,unknown,"multiple releases",,es,spain,"general news","text (web)",manual,,unknown,unknown,decisive2020,
400,cilma,https://www.cilma.cat/,unknown,"multiple releases",,es,spain,"general news","text (web)",manual,,unknown,unknown,cilma,
401,"el periodico de mexico",http://www.elperiodicodemexico.com/,unknown,"multiple releases",,es,mexico,"general news","text (web)",manual,,unknown,unknown,"el periodico de mexico",
402,"diario de centro américa",https://dca.gob.gt/noticias-guatemala-diario-centro-america/,unknown,"multiple releases",,es,gt,"general news","text (web)",manual,,unknown,unknown,"diario de centro américa",
403,"la voz digital - cadiz",http://www.lavozdigital.es/cadiz/,unknown,"multiple releases",,es,spain,"general news","text (web)",manual,,unknown,unknown,"la voz digital - cadiz",
404,télam,http://www.telam.com.ar/,unknown,"multiple releases",,es,argentina,"general news","text (web)",manual,,unknown,unknown,télam,
405,emol,http://www.emol.com/,unknown,"multiple releases",,es,cl,"general news","text (web)",manual,,unknown,unknown,emol,
406,"america economia",https://www.americaeconomia.com/,unknown,"multiple releases",,es,cl,"general news","text (web)",manual,,unknown,unknown,"america economia",
407,latina,http://www.latina.pe/,unknown,"multiple releases",,es,peru,"general news","text (web)",manual,,unknown,unknown,latina,
408,periodismo,http://www.periodismo.com/,unknown,"multiple releases",,es,argentina,"general news","text (web)",manual,,unknown,unknown,periodismo,
409,proceso,https://www.proceso.com.mx/,unknown,"multiple releases",,es,mexico,"general news","text (web)",manual,,unknown,unknown,proceso,
410,"mystery planet",https://mysteryplanet.com.ar/site/,unknown,"multiple releases",,es,argentina,"general news","text (web)",manual,,unknown,unknown,"mystery planet",
411,noalamina,https://noalamina.org,unknown,"multiple releases",,es,argentina,"general news","text (web)",manual,,unknown,unknown,noalamina,
412,"global green growth institute",http://gggi.org/,unknown,"multiple releases",,es,"south korea","general news","text (web)",manual,,unknown,unknown,"global green growth institute",
413,"renewable energy magazine",http://www.renewableenergymagazine.com/,unknown,"multiple releases",,es,spain,science,"text (web)",manual,,unknown,unknown,"renewable energy magazine",
414,"corte suprema de justicia",http://www.csj.gob.sv/idioma.html,unknown,"multiple releases",,es,"el salvador","general news","text (web)",manual,,unknown,unknown,"corte suprema de justicia",
415,"cámara de diputados - paraguay",http://www.diputados.gov.py/ww5/,unknown,"multiple releases",,es,paraguay,"general news","text (web)",manual,,unknown,unknown,"cámara de diputados - paraguay",
416,idival,https://www.idival.org/es/,unknown,"multiple releases",,es,spain,"general news","text (web)",manual,,unknown,unknown,idival,
417,"radio la primerísima",http://www.radiolaprimerisima.com,unknown,"multiple releases",,es,nicaragua,"general news","text (web)",manual,,unknown,unknown,"radio la primerísima",
418,"voz america",http://www.voanoticias.com/,unknown,"multiple releases",,es,"el salvador","general news","text (web)",manual,,unknown,unknown,"voz america",
419,tupolitica,https://www.tupolitica.com/,unknown,"multiple releases",,es,panama,"general news","text (web)",manual,,unknown,unknown,tupolitica,
420,retema,http://www.retema.es/,unknown,"multiple releases",,es,spain,"general news","text (web)",manual,,unknown,unknown,retema,
421,"cambio politico",https://cambiopolitico.com/,unknown,"multiple releases",,es,cr,"general news","text (web)",manual,,unknown,unknown,"cambio politico",
422,formulatv,http://www.formulatv.com/,unknown,"multiple releases",,es,spain,"general news","text (web)",manual,,unknown,unknown,formulatv,
423,bohemia,http://www.bohemia.cu/,unknown,"multiple releases",,es,cuba,"general news","text (web)",manual,,unknown,unknown,bohemia,
424,"la vanguardia",https://www.lavanguardia.com/,unknown,"multiple releases",,es,spain,"general news","text (web)",manual,,unknown,unknown,"la vanguardia",
425,cronica,http://www.cronica.com.py/,unknown,"multiple releases",,es,paraguay,"general news","text (web)",manual,,unknown,unknown,cronica,
426,esmartcity,https://www.esmartcity.es/,unknown,"multiple releases",,es,spain,"general news","text (web)",manual,,unknown,unknown,esmartcity,
427,"opinion (bolivia)",http://www.opinion.com.bo/,unknown,"multiple releases",,es,bolivia,"general news","text (web)",manual,,unknown,unknown,"opinion (bolivia)",
428,"oficina nacional de procesos electorales",http://www.onpe.gob.pe/,unknown,"multiple releases",,es,peru,"general news","text (web)",manual,,unknown,unknown,"oficina nacional de procesos electorales",
429,"cadenaser-tv news",https://cadenaser.com,unknown,"multiple releases",,es,spain,"general news","text (web)",manual,,unknown,unknown,"cadenaser-tv news",
430,"el diario de ecuador",https://www.eldiario.ec/,unknown,"multiple releases",,es,ecuador,"general news","text (web)",manual,,unknown,unknown,"el diario de ecuador",
431,"El Periódico Extremadura",https://www.elperiodicoextremadura.com/,unknown,"multiple releases",,es,Spain,"General News","text (web)",manual,,unknown,unknown,"El Periódico Extremadura",
470,"HardwareZone Forums",https://forums.hardwarezone.com.sg/,unknown,"multiple releases?",,en,singapore,"forum, tech",text,"web crawling","local forum, conversational data",Unknown,1,,
471,"Singapore Music Forum",https://www.soft.com.sg/,unknown,"multiple releases?",,en,singapore,"forum, music",text,"web crawling","local forum, conversational data",Unknown,1,,
472,Seedly,https://seedly.sg/community,unknown,"multiple releases?",,en,singapore,"forum, finance",text,"web crawling","local forum, conversational data",Unknown,1,,
473,sgTalk,https://sgtalk.org/mybb/index.php,unknown,"multiple releases?",,en,singapore,"forum, multi",text,"web crawling","local forum, conversational data",Unknown,1,,
474,Salary.sg,https://forums.salary.sg/,unknown,"multiple releases?",,en,singapore,"forum, career",text,"web crawling","local forum, conversational data",Unknown,1,,
475,"Car Forum",https://www.mycarforum.com/forums/,unknown,"multiple releases?",,en,singapore,"forum, cars",text,"web crawling","local forum, conversational data",Unknown,1,,
476,r/singapore,reddit.com/r/singapore,unknown,"multiple releases?",,en,singapore,"forum, multi",text,"web crawling","local forum, conversational data",Unknown,1,,
477,"Parenting in Singapore",https://www.kiasuparents.com/kiasu/forum/index.php,unknown,"multiple releases?",,en,singapore,"forum, parenting/family",text,"web crawling","local forum, conversational data",Unknown,1,,
478,"Photography Forum",https://www.clubsnap.com/forums/,unknown,"multiple releases?",,en,singapore,"forum, photography",text,"web crawling","local forum, conversational data",Unknown,1,,
479,"Home decor",https://www.renotalk.com/forum/,unknown,"multiple releases?",,en,singapore,"forum, renovation",text,"web crawling","local forum, conversational data",Unknown,1,,
480,"Personal blog",https://www.jeraldinephneah.com/,unknown,"multiple releases?",,en,singapore,"blog, multi",text,"web crawling","local blog, casual prose",Unknown,1,,
481,"Personal blog",https://techielobang.com/blog/,unknown,"multiple releases?",,en,singapore,"blog, tech",text,"web crawling","local blog, casual prose",Unknown,1,,
482,"Personal blog",https://www.misstamchiak.com/,unknown,"multiple releases?",,en,singapore,"blog, food",text,"web crawling","local blog, casual prose",Unknown,1,,
483,"Personal blog",https://alvinology.com/,unknown,"multiple releases?",,en,singapore,"blog, multi",text,"web crawling","local blog, casual prose",Unknown,1,,
484,"Personal blog",https://sethlui.com/,unknown,"multiple releases?",,en,singapore,"blog, food",text,"web crawling","local blog, casual prose",Unknown,1,,
485,"Curated blog",https://blog.moneysmart.sg/,unknown,"multiple releases?",,en,singapore,"blog, finance",text,"web crawling","local blog, casual prose",Unknown,1,,
486,"Curated blog",https://blog.seedly.sg/,unknown,"multiple releases?",,en,singapore,"blog, finance",text,"web crawling","local blog, casual prose",Unknown,1,,
487,"Curated blog",https://thesmartlocal.com/,unknown,"multiple releases?",,en,singapore,"blog, multi",text,"web crawling","local blog, casual prose",Unknown,1,,
488,"Curated blog",https://dailyvanity.sg/,unknown,"multiple releases?",,en,singapore,"blog, beauty",text,"web crawling","local blog, casual prose",Unknown,1,,
489,"Personal blog",https://www.cheekiemonkie.net/,unknown,"multiple releases?",,en,singapore,"blog, parenting/family",text,"web crawling","local blog, casual prose",Unknown,1,,
490,"Personal blog",https://www.luxuryhaven.co,unknown,"multiple releases?",,en,singapore,"blog, multi",text,"web crawling","local blog, casual prose",Unknown,1,,
491,"Personal blog",https://www.thewackyduo.com/,unknown,"multiple releases?",,en,singapore,"blog, multi",text,"web crawling","local blog, casual prose",Unknown,1,,
492,"Personal blog",https://www.vivawoman.net/,unknown,"multiple releases?",,en,singapore,"blog, beauty",text,"web crawling","local blog, casual prose",Unknown,1,,
493,"Personal blog",https://lesterchan.net/,unknown,"multiple releases?",,en,singapore,"blog, tech",text,"web crawling","local blog, casual prose",Unknown,1,,
494,"Personal blog",https://theoccasionaltraveller.com/,unknown,"multiple releases?",,en,singapore,"blog, travel",text,"web crawling","local blog, casual prose",Unknown,1,,
495,"Personal blog",http://www.passportchop.com/,unknown,"multiple releases?",,en,singapore,"blog, travel",text,"web crawling","local blog, casual prose",Unknown,1,,
496,"Curated blog",https://www.hpility.sg/,unknown,"multiple releases?",,en,singapore,"blog, multi",text,"web crawling","local blog, casual prose",Unknown,1,,
497,"News outlet",https://www.straitstimes.com/,unknown,"multiple releases?",,en,singapore,news,text,"web crawling","news website, formal prose",Unknown,0,,
498,"News outlet",https://www.channelnewsasia.com/,unknown,"multiple releases?",,en,singapore,news,text,"web crawling","news website, formal prose",Unknown,0,,
499,"News outlet",https://www.today.com/news/,unknown,"multiple releases?",,en,singapore,news,text,"web crawling","news website, formal prose",Unknown,0,,
500,"News outlet",https://www.asiaone.com/singapore,unknown,"multiple releases?",,en,singapore,news,text,"web crawling","news website, formal prose",Unknown,0,,
501,"News outlet",https://theindependent.sg/,unknown,"multiple releases?",,en,singapore,news,text,"web crawling","news website, formal prose",Unknown,0,,
502,"News outlet",https://www.ricemedia.co/,unknown,"multiple releases?",,en,singapore,news,text,"web crawling","news website, formal prose",Unknown,0,,
503,"News outlet",https://www.zaobao.com.sg/,unknown,"multiple releases?",,zh,singapore,news,text,"web crawling","news website, formal prose",Unknown,0,,
504,"News outlet",https://www.wanbao.com.sg/,unknown,"multiple releases?",,zh,singapore,news,text,"web crawling","news website, formal prose",Unknown,0,,
505,"News outlet",https://www.shinmin.sg/,unknown,"multiple releases?",,zh,singapore,news,text,"web crawling","news website, formal prose",Unknown,0,,
